H,Xd,Xd',Xq,Xq',Tdo,Tqo,KA,TA,KE,TE,KF,TF,D,M,TM,Vref,Eq,Ed,delta,omega,Efd,Rf,Vr,Iq,Id,Vref,1,RD,PC,TCH,TSV,PSV,pf_large,pf_small,Load
23.64,0.146,0.0608,0.0969,0.0969,8.96,0.31,20,0.2,1,0.314,0.063,0.35,0.123778751,0.125414095,0.687393,1.095,1.506,0,0.062482787,376.9911184,1.082,0.195,1.105,0.671,0.302,1.095,0.716,0.05,0.687393,0.9,0.9,0.687393,0.438,0.493,1.75
6.4,0.8958,0.1198,0.8645,0.1969,6,0.535,20,0.2,1,0.314,0.063,0.35,0.067020643,0.033953055,1.614718,1.12,0.788,0.622,1.066396173,376.9911184,1.789,0.322,1.902,0.931,1.29,1.12,1.63,0.05,1.614718,0.9,0.9,1.614718,0.239,0.263,1.2
3.01,1.3125,0.1813,1.2578,0.25,5.89,0.6,20,0.2,1,0.314,0.063,0.35,0.047280969,0.015968546,0.839268,1.09,0.768,0.624,0.945968455,376.9911184,1.403,0.252,1.453,0.619,0.562,1.09,0.85,0.05,0.839268,0.9,0.9,0.839268,0.177,0.183,1.35
